model,MAE,RMSE
XGB,22.44235610961914,32.72721244729396
RF,22.443068459657702,33.074569964824
