model,MAE,RMSE
XGB,19.314208984375,27.132471699198593
RF,19.9079,26.020784610576214
